,NumberofStemsTest,BasalDendriteNumberofBifurcationsTest,BasalDendriteNumberofBranchesTest,BasalDendriteOverallWidthTest,BasalDendriteOverallHeightTest,BasalDendriteOverallDepthTest,BasalDendriteAverageDiameterTest,BasalDendriteTotalLengthTest,BasalDendriteTotalSurfaceTest,BasalDendriteTotalVolumeTest,BasalDendriteMaxEuclideanDistanceTest,BasalDendriteMaxPathDistanceTest,BasalDendriteMaxBranchOrderTest,BasalDendriteAverageContractionTest,BasalDendritePartitionAsymmetryTest,BasalDendriteAverageRallsRatioTest,BasalDendriteAverageBifurcationAngleLocalTest,BasalDendriteAverageBifurcationAngleRemoteTest,BasalDendriteFractalDimensionTest,ApicalDendriteNumberofBifurcationsTest,ApicalDendriteNumberofBranchesTest,ApicalDendriteOverallWidthTest,ApicalDendriteOverallHeightTest,ApicalDendriteOverallDepthTest,ApicalDendriteAverageDiameterTest,ApicalDendriteTotalLengthTest,ApicalDendriteTotalSurfaceTest,ApicalDendriteTotalVolumeTest,ApicalDendriteMaxEuclideanDistanceTest,ApicalDendriteMaxPathDistanceTest,ApicalDendriteMaxBranchOrderTest,ApicalDendriteAverageContractionTest,ApicalDendritePartitionAsymmetryTest,ApicalDendriteAverageRallsRatioTest,ApicalDendriteAverageBifurcationAngleLocalTest,ApicalDendriteAverageBifurcationAngleRemoteTest,ApicalDendriteFractalDimensionTest
morphology-data/TCs/fukunaga/IF04206.CNG.swc,-0.5569098571448143,1.9462274824122299,2.3070202707249874,0.7055055751039625,1.4297629945657782,3.3686199859816015,0.44246244467362356,2.5642601901219777,2.539743194850136,3.3664464526043076,0.7499540359010403,0.9458154818294535,1.651714361579894,0.5016545758272052,-0.026014019871027607,1.647826992087654,0.056241597063909764,-0.4030110489994431,-0.008617765529297999,1.5227721293194938,0.9472391902213805,0.6450312955611945,1.5244830442984256,-0.49397410986270757,-0.3395601485007139,2.4338261032606656,2.4026366728539386,2.897741955710595,2.6036094672893126,2.101426213641139,0.9109879173354718,0.8228288509932854,0.25198725673560657,1.1534923422780479,-0.8933265144548727,1.079687103530319,-0.0653295789388364
morphology-data/TCs/fukunaga/IF04316.CNG.swc,-0.5569098571448143,-0.5980869753807514,-0.8985077382869344,-0.2737147271361555,-1.3981094468564472,0.4458235636660244,0.8790814415025963,-0.9207869592951563,-1.9202117022625802,-0.7412215296229135,-1.331632915849423,-1.9569265500557291,0.22625559678744345,0.11438315914468007,1.8381756119133636,-0.3084057814714099,0.599794769877273,2.3122615166161884,0.2724351983926136,0.7247679663959455,0.1751162772202829,-0.8338622728981789,1.7656282119229156,-0.7692513576799856,-0.3201120367221959,0.9864593743494414,0.8822180521718607,0.49668675353085506,1.1200949172869543,0.5554404753358948,-0.12856461637231037,1.0956891128325177,-0.17435244045762413,2.1397102491848847,-0.7577270672069675,-0.841270194985702,-1.3455088257429613
morphology-data/TCs/fukunaga/IF04155.CNG.swc,-1.010170210780977,0.03799163906749388,-0.542337959507832,-1.1251395302415728,-0.6186906640183693,1.4492699018133337,-1.0356421639525242,-0.4306860584460091,-1.7189567017221774,-0.8354523072120144,0.16533559032042094,-0.7700401410766216,0.7014085183849269,0.9881915070690684,0.2607836569932786,1.2801616060571208,-0.6022679892235471,-0.5232859775909013,-0.054894970915496735,0.507130467416796,-0.05087091682881884,-0.8205502222707192,-0.5934722412988882,-0.3286694308970557,-1.283604357188318,0.4345749015814173,-0.3031091283296218,-0.7570131945135544,-1.7142258600345022,-1.8932988313690158,-0.5443856298554233,1.5021238921044497,-1.3502141720442489,1.6368053332727455,0.36276412532852864,0.12811768179131863,-0.8562798055382237
morphology-data/TCs/fukunaga/IF04189.CNG.swc,-1.010170210780977,-1.5522048970531195,-2.323186853403344,-1.3535140069183111,-1.9853682940024715,-0.8191881407617161,-4.466913042206879,-1.3982356543378869,-2.589792913120392,-1.5133821391069584,-2.423676224975006,-2.9583878597171323,-1.199203168005007,-3.6529880126380014,-1.3166035657604058,-2.064133178803751,-2.4965161063758794,-2.1951438789662787,-7.590194638393962,-0.36341952849980197,-0.9548196930252257,-0.7851646825143458,-0.22944147272512938,-1.4071268395882384,-0.22734788736265327,-1.3111326172750826,-0.9220517951277114,-0.9059119040764253,-1.3604653952822827,-1.5125227503698537,-0.7522961365969797,1.7920666895489863,1.2423356761931508,0.19164487856119836,0.430103024420352,0.9669913681687695,-0.9970230806522739
morphology-data/TCs/fukunaga/IF04204.CNG.swc,-0.5569098571448143,0.3560309462916165,0.17000159805037282,1.4953935532212004,-0.4027505612854568,0.9211458417889531,-0.5751515817590047,1.0386888272048849,-0.1149480962988118,0.5419427273019768,-0.4249188054095446,-0.11244857223944396,0.22625559678744345,0.1276613000485362,-0.2650120839246161,0.782519624128924,0.9243368275841409,0.22208110846533205,0.06433515378970897,1.7766825447951682,1.2485554489535162,-1.2791754098549941,0.06527854094952534,-0.33575885750541545,-1.2941356049973916,1.4242502350433823,0.23875533295931936,-0.37952464478304815,-0.41285954394894975,-0.665879851260004,0.2872563971108025,1.728731739675025,0.04085768742703899,1.5490853906981426,-0.3016278152005025,0.7878160158043784,-1.1188806766775343
morphology-data/TCs/fukunaga/IF04191.CNG.swc,-0.10364950350865172,-0.5980869753807514,-0.8985077382869344,-0.32715924535612306,-0.8231540541849879,0.5567391779620319,-0.04716173901318706,-0.7121077094400471,-1.857753147108246,-0.9266367508389177,-0.9436489839774057,-1.4998953561641908,-0.24889732481004,0.6707008494200944,0.2607836569932786,0.6159558158759072,1.3039148963463714,0.8368837025417468,0.021373990190738275,-0.4722382779893767,-1.0678132900497765,-0.4768632279089026,-1.284008042051791,-0.7365708301438891,-0.9262754156514945,-1.0820736995352178,-0.9056466365227237,-0.9083352777252722,-1.613329469235704,-2.147225976264611,-0.9602066433385361,1.5881162170477234,-0.5257944815241004,0.5994572808496632,0.3661288758805853,-0.8463200889695713,-0.8063676536607207
morphology-data/TCs/fukunaga/IF04355.CNG.swc,-1.010170210780977,0.3560309462916165,0.34808648743992404,1.3834014667282437,1.057603554794467,0.4275501099697473,-0.6532689919304437,1.196331230196125,-0.05969689262614289,0.21932604579331896,1.1815219063785727,0.706332201916082,0.7014085183849269,0.8260125299884475,1.049479634453321,1.7419383384453775,-0.11922196999588783,0.2439316603920154,-0.027482358807749116,-0.4722382779893767,-1.1054778223912936,0.6122105089886709,-0.19209081752675727,1.632853872645156,1.7163594690219646,-0.452855163398181,0.5077850541186636,0.51167212296573,1.1356383540909014,0.924493079531655,-1.1681171500800926,0.5768539770278727,-2.19584437526584,0.8794101870741343,2.1160332325539453,1.3020582262693923,-0.33782294864845847
morphology-data/TCs/fukunaga/IF04174.CNG.swc,0.34961085012751086,-0.2800476681566288,-0.36425307011828084,1.9403672949702946,0.907572572799413,0.6318515719345199,-0.6184755145523323,1.089567435026752,-0.13200250334709684,0.5077863103773704,1.901720595423447,1.3282486701113876,0.7014085183849269,0.32475630002349887,2.2325212345601844,1.1060288328037922,-0.06567156295903244,0.04436517672332591,0.08555782122796546,0.21694713544459673,-0.35218717556095447,-0.5010106685819694,-0.7714208784663821,-0.38624940798446394,-0.9724309732223645,0.1860899681397486,-0.21847934187532037,-0.42166279426731623,-0.5761562626749629,-1.3820054512508813,-0.5443856298554233,2.012485953861354,0.06765929966847525,0.8726519969458183,-2.906339734948877,-1.4890149824799799,-1.413407338657401
morphology-data/TCs/urban/Burton2017/Burton-et-al--2017-Fig--13G.CNG.swc,0.34961085012751086,-1.5522048970531195,-1.7889321852346904,-0.6269114887550263,-0.052358503402799836,0.20497519430869793,0.21093373500887755,-0.07911003610928405,-0.540429402681635,2.226204287291348,0.8149066906360416,0.31833376559660587,-1.199203168005007,0.09580196776010352,-1.3166035657604058,-2.064133178803751,-2.4965161063758794,-2.1951438789662787,0.03817526857935683,4.714788781013686,4.318214834787148,0.01396861496540388,0.411939309509416,-1.174904889953437,-1.1074495521661452,3.7355970080429057,2.2650767342436033,1.6944965938326844,-0.20155037247138635,-0.5032490909103297,1.7426299443016975,1.1178009378625384,0.6227726140342592,-2.5047296270885853,-0.15423711167017234,1.149858256958078,-1.2830062211395987
morphology-data/TCs/urban/Burton2017/Burton-et-al--2017-Fig--13H.CNG.swc,-0.10364950350865172,2.900345404084598,3.375529607062295,0.07080990511117316,1.2443321101018037,0.24470933199711434,0.2679175194274736,2.221651046832036,3.193944183782712,8.026400501066151,2.1975745635399018,1.5237512664454014,1.651714361579894,0.020728415596858292,0.7839009917285316,-0.31858778608106003,0.48661421498832763,0.20898873796199804,0.14944689299521657,2.719778373704816,2.2090010236621986,2.471719490566921,-0.6696811953299414,-1.3104685597327996,-0.05402993946624291,2.3377516728662924,3.1379619031276453,4.3940887298191535,0.9195483296022111,1.5750161209303508,2.5742719712679234,0.14603993037511517,0.999778462941199,-1.2230013237528023,0.20791245318276705,-0.09161662921567161,0.2755119627111519
morphology-data/TCs/urban/Burton2017/Burton-et-al--2017-Fig--13I-pair1-2.CNG.swc,-0.5569098571448143,-0.2800476681566288,-0.542337959507832,2.0443992345242563,-0.26269978435185143,0.33501419037987906,-0.16185657837223816,0.2717223491994532,-0.12454139367672562,2.5530325323249303,1.0212871655712794,0.434273613770807,-0.24889732481004,-0.2644874870471082,-1.3166035657604058,-0.42895494034714604,0.3955242173325601,0.43575143097227015,0.3365453396123464,1.3414075468368691,0.8154133270260712,0.7516736826070396,0.056310493008666244,-1.233003605573164,0.20779866985589796,1.7658621457276387,2.4927242169652932,3.1492212826588144,1.0613878549560118,0.8883138492922114,0.2872563971108025,-0.20318028852615339,1.1804034966732126,0.5972728153536413,0.6410875133845639,1.773232511777037,-0.10624855029787085
morphology-data/TCs/urban/Burton2017/Burton-et-al--2017-Fig--14G.CNG.swc,-1.010170210780977,1.9462274824122299,1.5946807131667826,0.5267154801325336,-0.031669025521131544,0.35413757215505276,-0.12506524608996167,0.7147311382099413,0.2768607362875337,3.033541912895456,1.0596695454421217,1.0380691945490406,1.651714361579894,0.46113291059685935,0.4902227449180037,-0.0414891418757968,-0.010588736650986145,1.4276142955447033,0.049523500473425276,1.8129554612916932,1.3050522474657915,0.659553990233239,-0.6924378601481997,-1.0735779633071272,-0.894545042857,0.47429235539980474,0.2621221882836249,0.2132770624790945,-0.36745276937881943,-0.9078848163555295,1.1188984240770283,0.9707070085186533,0.7827116284550745,-0.827135217145703,1.217352248150149,2.7276145326969248,-0.7600527739905992
morphology-data/TCs/urban/BurtonUrban2014/SDB131007c3.CNG.swc,-0.10364950350865172,0.3560309462916165,0.34808648743992404,-0.5482252070841703,1.6136799297124973,1.2102276296236623,0.2401101171211019,1.22765910173566,0.80168527893674,2.480371691208085,1.012833240347261,0.8509609883020491,0.7014085183849269,-0.04715473349678244,0.5236838935354262,-0.5657878540789377,0.13212287963105396,-0.24542995420480265,0.10073792363171803,0.1444013024515469,-0.4463485064147469,-0.23737971398336274,0.13478577585774573,-1.0533471605466864,1.0475227611203328,0.2018724300517919,1.3494967016626154,3.5264535737049014,-0.1744739774557641,0.4229972856338346,-0.12856461637231037,-1.2380205193066185,0.3888800315891279,-0.4620564211231546,-2.8853905054247653,-1.224087316452788,0.5866760086501963
morphology-data/TCs/urban/BurtonUrban2014/tufted-cell-08-SDB20130508pair2_0.CNG.swc,0.34961085012751086,-0.2800476681566288,-0.36425307011828084,-0.4423521970769478,2.418968408718245,-0.2690721916958858,-0.3103053260693318,0.9324784363354096,0.009356280822492478,1.1054189996885695,2.1430473027570507,1.1610755544791171,0.22625559678744345,0.32440755008859673,1.049479634453321,-0.30330546351735355,-0.5714791580416739,-1.4160154923666104,0.08511568232300216,0.1444013024515469,-0.4275162402439884,2.7910929267776194,-0.9151625405813673,-1.3507572524095746,-0.2584885965720719,-0.016322718872591322,0.29009120342390654,0.6347649623118454,1.2287177103454399,0.2720594323957677,-0.12856461637231037,-0.0920415164593015,0.510740825878275,0.44743213523593545,0.7374364139752092,0.9487893768788085,0.4153559197733593
morphology-data/TCs/urban/BurtonUrban2014/tufted-cell-21-SDB130828c4.CNG.swc,0.34961085012751086,-1.5522048970531195,-1.7889321852346904,-0.34356845420925197,-1.7680555206328308,0.2374849433264931,2.070179433831839,-1.0222588258467555,-1.9430066146773264,-0.6964834456388147,-1.7140532961412065,-2.1343716926509093,-1.199203168005007,-0.4944572970621312,-1.3166035657604058,-2.064133178803751,-2.4965161063758794,-2.1951438789662787,0.14834154573280667,-0.0369632800310777,-0.6158389019515732,-0.9132563596806699,0.5753289725360446,-1.0194562431018457,0.5495446725041849,-0.04021590293281035,0.42348475254726115,0.8326250413472306,-0.36564012368739673,0.31999270913040795,-0.5443856298554233,-1.6927876223720044,-0.6824186977185777,-0.15786960080219836,-1.2737481377405027,-1.1981986194468737,0.38343012893279327
morphology-data/TCs/urban/BurtonUrban2014/tufted-cell-07-SDB20130508pair1_1.CNG.swc,-0.10364950350865172,-0.916126282604874,-1.254677517066037,1.175536209328971,-1.2587598307817556,0.29124289431670364,-0.4433102703316553,-0.2897754885844957,-1.3925029811758844,-0.5173246248384548,0.03653296674920342,-0.09283065001592052,-0.24889732481004,-0.5494520845909246,1.049479634453321,1.1227271340506337,-0.35191874397035255,-0.9099504707810624,0.0953585669546607,0.03558255296197214,-0.5405098372685393,-0.45585188386692205,1.6685165084071478,-1.1136937431397957,1.4465524237529699,-0.18895149630575256,0.7264886165513365,1.2910975423118536,1.1825858774987403,0.7338604814977131,-0.12856461637231037,-0.47237513603889675,-0.9814323794963266,-0.5008989482242819,1.1127523940318491,0.7427824675558179,-0.8688702582640835
morphology-data/TCs/urban/BurtonUrban2014/tufted-cell-05-SDB20130404pair1_0.CNG.swc,-0.10364950350865172,-1.2341655898289967,-1.6108472958451394,-0.48442180282842867,-0.6664009976868188,-0.06636434487904458,-0.47102355527637485,-0.41458545209585346,-1.5168135475213034,-0.5450227046082088,-0.2553390800660829,-0.47949697909236777,-0.7240502464075235,-0.12315144725241603,-1.3166035657604058,0.2647791289845147,0.0018922097145801081,-1.4869222585366524,0.11496005840804957,-0.10950911302412752,-0.6911679666346071,0.29006844814378685,-0.9968612627879313,-1.1539824358165707,-0.1300174407284359,-0.599987425872244,-0.3123187622338795,-0.21103056959051447,-0.7717633908505804,-0.7864161460078922,-0.7522961365969797,-0.973360556495483,-0.6481273198644655,-0.16100976995272823,-0.3169447448874771,-1.9338850733754411,0.9329134586112716
morphology-data/TCs/urban/BurtonUrban2014/tufted-cell-14-SDB20130628cell2.CNG.swc,-0.10364950350865172,-0.916126282604874,-1.254677517066037,-0.3423308881784294,-0.3357705132655764,0.6671235872087291,-0.5047346829954843,-0.03606555790784731,-1.1515905271200089,-0.2110175187081778,0.5899142143182802,0.1991376552727798,-0.24889732481004,-0.010705236623972712,1.049479634453321,0.039186709378296575,0.017559714279506748,-0.7317335313591451,-0.14884948822027855,-0.2183278625137023,-0.8041615636591579,0.22747236209634375,-0.7267868455043276,-1.2010147294134925,-0.23186025199235197,-0.43910038202318147,-0.1248418638643446,-0.13473819171023957,-0.6378768484678953,-0.018153936660554443,-0.3364751231138668,-1.2861653102740664,2.2213550384214362,0.45350767989674484,0.33562668065867546,-1.8211094346280716,-0.5419681464177143
morphology-data/TCs/urban/BurtonUrban2014/tufted-cell-25-SDB130906c5.CNG.swc,0.8028712037636735,-1.2341655898289967,-1.254677517066037,2.79979578900468,-1.255913326996316,1.0134692793590971,3.021107031471894,-0.4066389122270064,-0.6593770063315944,1.4346577508433294,1.1829197556745072,0.35418225162566597,-0.7240502464075235,-0.08172713513173492,-1.3166035657604058,1.110151007588577,-1.1963004884976927,-1.2069251362920659,0.014226077893824471,0.03558255296197214,-0.5405098372685393,-0.8754621164925555,1.5823960133221515,-1.3709880551700153,1.5047996803275663,0.005584592496708713,1.050212828271916,2.0015636610100342,0.7227629817271692,0.8066622025076289,-0.12856461637231037,-0.17733485541473418,-1.1409832688083617,-0.39167567342322174,-1.527581993517652,0.18409799389731835,0.31103502575910924
morphology-data/TCs/urban/BurtonUrban2014/tufted-cell-24-SDB130906c1.CNG.swc,0.8028712037636735,-1.2341655898289967,-1.254677517066037,1.1326262809639682,-1.5167486548745783,-0.26057291090691975,2.507311798088007,-0.8190245554861108,-1.4908249954633293,0.05250082970882421,-0.5718377786209026,-0.7584444646944482,-0.7240502464075235,-0.5388049542253759,-1.3166035657604058,-1.3190745400330521,2.1762078945239383,0.17812950077200998,0.14414122613565203,0.03558255296197214,-0.5405098372685393,-0.9587096253795352,0.27564832496785624,-1.1574406926986973,0.7725022268369454,-0.39662151996826295,0.35520698197489914,0.5107056109725931,-0.5949171455811846,-0.26858085184561686,-0.12856461637231037,-0.29894136886048384,0.9847884418480432,2.0930855637541805,0.6829713430825624,-0.8292047837267719,0.07946062740852165
morphology-data/TCs/urban/BurtonUrban2014/tufted-cell-03-SDB20130402pair2_0.CNG.swc,0.34961085012751086,-0.5980869753807514,-0.7204228488973833,-0.9378934979891714,0.5753234881864501,0.31790938779208483,-1.5012664204179895,0.02086590944415356,-1.4616149522536102,-0.7947347655130489,0.1072273849268682,-0.42648756864359316,-0.24889732481004,0.14283705089230211,0.2607836569932786,0.32572676407933365,0.5323964110964775,-1.091882429414395,0.028521902487650443,-0.5085111944859017,-1.1054778223912936,-0.7666878884783876,0.45063225387897965,-1.3343305322194734,0.9341563413797764,-1.2736706967551186,-0.6333805235297426,-0.5179601969890241,-0.1261216536370725,-0.7039696872366381,-1.376027656821649,-0.262491806860342,-2.3007430533145152,-1.5925173153141425,1.8203740644797024,-1.3850926388815463,-1.0671698886963359
morphology-data/TCs/urban/BurtonUrban2014/tufted-cell-19-SDB130820c1.CNG.swc,1.256131557399836,6.080738476325823,7.11531228424287,0.350270649182478,-1.4377337562912589,-0.045328624926353464,-1.387097782671813,0.7774733507108704,-0.7436185357579072,0.1707520733892186,-1.5043257796647067,-1.4376965201944598,3.0771731263723443,-0.23278714369958692,0.6923572327122625,0.324049947217726,0.10658047776663955,1.2613175577146303,0.36263153500520245,-0.10950911302412752,-0.6911679666346071,-0.9490798455155416,0.5846277294031396,-0.7182420686686182,-0.5837204233285607,0.2840039437636045,0.07432111930349551,-0.2727809321612064,-0.3367284249092096,1.9165101479728723,-0.12856461637231037,-2.8355103734223013,-0.7303993530580414,1.1528779613572924,-0.23368911274940035,-0.05048236619516239,2.285038149563154
morphology-data/TCs/urban/BurtonUrban2014/tufted-cell-22-SDB130829c2.CNG.swc,0.34961085012751086,-1.2341655898289967,-1.4327624064555882,-0.215908170622363,-1.3127352634681575,0.5671507969285154,-1.2686724733418147,-0.8392558061184735,-2.115444587739299,-1.1457699497529594,-1.0345593102994637,-1.485665067679139,-0.7240502464075235,-0.25093752634104893,-1.3166035657604058,-0.31468220014089926,1.1083519808008906,-0.7015974467637454,-0.039125349971792005,1.0512242148646698,0.5140970682939355,-0.5924860264954507,0.1390460849663102,-1.1126562660751578,-0.9460974604351827,1.14106478931828,0.6196186005013524,0.23906253840608668,-0.3401724517229125,-0.2330130154420744,0.2872563971108025,-0.762999871032548,-0.6915973320478362,-0.08434868395173409,0.255018960911566,-0.7707954086918233,0.1882781116820059
morphology-data/TCs/urban/BurtonUrban2014/SDB131003c2.CNG.swc,-0.10364950350865172,-0.2800476681566288,-0.36425307011828084,-0.4654228724663562,0.7516776534718542,1.3398416616553952,0.9780757937132802,0.8825942268649217,0.8951116169493917,2.879233136142055,0.337170809547761,0.0069885860616926265,0.22625559678744345,-0.23510017635607153,1.049479634453321,0.028552895780935447,0.39622644612282104,-0.9910144586881674,0.14414122613565203,0.10812838595502197,-0.48401303875626384,1.1622103772270025,0.1535583707881776,-1.3844752570103092,0.43157600039230165,-0.12728283287963438,0.9191522446903785,1.973188996991336,0.42252088101419527,0.7513004906667904,0.07934589036924605,-0.5988915998382682,1.071004665336249,-1.1998596424043273,1.3348259304676235,-0.6455548417564193,1.3083787452573745
morphology-data/TCs/urban/BurtonUrban2014/tufted-cell-09-SDB20130509pair1_0.CNG.swc,-1.010170210780977,-0.2800476681566288,-0.7204228488973833,-0.2425082009885618,-0.043382946736212125,2.1576849555736572,0.5483016959135685,0.28559204446564534,-0.5151557060089181,0.7879235066562246,0.08601460417700812,0.13180492027753507,0.22625559678744345,-0.5209212627106037,0.2607836569932786,0.8140996750225329,0.5692119258072097,1.0782465155826322,0.2663926333581097,0.3620388014306964,-0.20152904619488665,1.783414237193607,0.8147622351306089,-1.1479304862728492,0.47486593676008754,0.6456209088184907,1.1053909176128902,1.4062454757327332,1.0896424696710585,1.1190233132694651,-0.5443856298554233,-0.3226727955696514,-1.2920373651984536,-1.482338336858573,0.3173692515762096,0.028590024413025474,0.7660899599936589
morphology-data/TCs/urban/BurtonUrban2014/tufted-cell-27-SDB130912c2.CNG.swc,0.8028712037636735,-0.5980869753807514,-0.542337959507832,-1.1054713975072776,0.8173077052111404,0.8750372435088121,-0.6653245703457292,0.604586388645879,-0.5012547086471152,0.2938334255614814,0.1804056309371503,-0.3539363563851821,-0.7240502464075235,0.044710102296908485,-1.3166035657604058,-1.104185801393429,-0.37275777344844335,-0.707538641609482,0.1507733097101081,-0.0006903635345527788,-0.5781743696100562,1.9430380320118161,-0.5091531371885631,-1.541998857991176,0.7700932353613296,-0.7993690440405488,-0.06783566485051157,0.2799486558405296,0.44069265407070446,-0.05673288770590949,-0.5443856298554233,-0.08980817098595334,-0.8824709666252063,-0.6318986134388056,-1.1338476615260555,-1.566137730474142,1.3182712438276858
morphology-data/TCs/urban/BurtonUrban2014/tufted-cell-12-SDB20130613pair1_0.CNG.swc,-0.10364950350865172,-1.2341655898289967,-1.4327624064555882,-0.8795751086107791,0.8465925082488412,0.6062474885577593,-0.2561236721908392,0.09190918644355169,-0.9268102857193155,-0.14731648336250075,0.29998579062761993,0.18950419400414717,-0.7240502464075235,-0.1421788334066474,-1.3166035657604058,0.9133579175804685,-0.05011641500054769,-1.3578607895965666,0.24465413719739548,-0.6898757769685262,-1.2938004840988784,-0.13033461789981785,-1.6989076795204576,-1.148276311961062,2.202616196129892,-1.6615095428993654,-0.8670384482281869,-0.5849483451959175,-1.6841359415568908,-1.2694478460615015,-1.376027656821649,-1.2397424116181317,2.4196974588758717,1.2380721157021208,-0.14504987972803216,0.12768620350788829,-1.1602493070624953
morphology-data/TCs/urban/BurtonUrban2014/tufted-cell-10-SDB20130509pair1_1.CNG.swc,-0.5569098571448143,-1.2341655898289967,-1.6108472958451394,-1.0159441901923456,1.3666654939885379,3.2292317810425573,0.26599239157549376,0.4162992225477903,-0.27877376400506365,0.9690480269765336,0.7177867947324417,0.7673892316775027,-0.7240502464075235,0.04583328223431444,-1.3166035657604058,-0.4582177234945057,-0.044645272470205506,-0.32145077989997345,0.14023566580847346,-0.32714661200327705,-0.9171551606837088,0.47211810249889635,-1.4147333898994685,-1.2886815413754023,0.4027400128782108,-0.9184461513726865,-0.2236873287340467,0.14344878774557926,-0.900665157581854,-1.0811996839875742,-0.3364751231138668,-0.0729643135228382,0.5465112750928723,-0.4391195334149315,-1.9425581420378883,-1.217870833035936,-1.0464855735038503
morphology-data/TCs/urban/BurtonUrban2014/tufted-cell-04-SDB20130404cell1.CNG.swc,-0.5569098571448143,-0.5980869753807514,-0.8985077382869344,-0.02261869091944454,-0.4236458525535722,0.5150927020960981,0.6421195932333741,-0.2705360422208563,-0.9800097615979337,0.5695862295746473,0.3711535840648644,0.4549064748461618,-0.24889732481004,-0.37968779642617695,-1.3166035657604058,1.1185350918966148,0.23118707532733737,1.7977644412479874,0.24148547504515466,0.9424054653750951,0.4011034712693846,0.9519459209180592,-1.0332509167535953,-1.2566926652157309,-0.06614680703762535,0.8903640400320062,0.9587807732674416,0.7656164988505734,-0.7851316528248204,-0.3060287242945548,0.7030774105939154,-0.35477500569419146,0.9412345107222327,-0.3470989243950375,0.8420947854944144,0.21299105821009284,0.9329134586112716
morphology-data/TCs/urban/BurtonUrban2014/tufted-cell-17-SDB130806c1.CNG.swc,2.162652264672161,-0.5980869753807514,-0.008083291339178386,-0.5407157786378827,-0.7817506798842764,0.35403133114519075,0.6782692162316579,-0.1059155568855906,-0.8015249165758183,0.745098363944894,-0.8279894852603938,-1.33344538446385,-0.24889732481004,-0.23340258476117934,0.2607836569932786,0.4316922740836995,-0.5885604832376589,-0.3279780592014552,0.2343375627482425,0.32576588493417147,-0.2391935785364036,-0.15090298200032873,-1.074715980063663,-1.3488552111244052,-0.1915545886465975,-0.1998842480673403,0.09985088345586372,0.2637218948548366,-1.5643653774961572,-1.1344215174027588,0.07934589036924605,-0.3200132391281061,1.3804452757120356,-0.3273704703840953,-0.5492003090807803,1.716884644096261,0.35240365614407015
morphology-data/TCs/urban/BurtonUrban2014/tufted-cell-06-SDB20130508pair1_0.CNG.swc,0.8028712037636735,-0.5980869753807514,-0.542337959507832,-0.4540555992943563,1.0602791288182805,0.4656906325102327,0.6677451839741689,0.47079225220336574,0.008690939230152843,1.6845590137380584,1.2698091768504902,1.2150237833658357,0.22625559678744345,-0.31488698131601184,1.8381756119133636,-0.8887288081507054,-0.1943760556380068,1.3217646069446445,0.3880545220406152,0.507130467416796,-0.05087091682881884,3.2051784947923103,-0.6318772743679643,-1.2957709679837617,0.795010117340462,0.7042564130082678,1.6811285505727709,2.5492567461484517,1.6556864029599812,1.2356925420052791,0.2872563971108025,-0.9457079888789108,-0.6890797637746685,-0.3406820570004755,-0.5672090392093986,1.0237067914243194,0.7103322407791525
morphology-data/TCs/urban/BurtonUrban2014/SDB140216c3.CNG.swc,-0.10364950350865172,0.9921095607398618,0.8823411556085777,-0.21777979826157,1.1888322630106996,0.39801510922809014,0.3933930747576108,0.5332404686699743,0.19658959413085367,2.260406185463523,1.746648429505921,1.03020764735923,1.651714361579894,0.36945270712164635,1.40439211448538,0.62813602724564,0.3320115245245403,0.7115797912009938,0.06418777415472011,1.0512242148646698,0.5140970682939355,1.6912190368752382,-1.5324346420933384,-1.2639550046681969,-0.5394561038415325,0.3482416993340806,0.5847463456371057,0.6739485999051666,-0.04015693172136606,-0.19590140960288188,0.4951669038523589,0.006890573478407392,0.014098034656821083,-1.2734488238015427,-0.445887837782399,0.6844689765838551,0.538562492876389
morphology-data/TCs/urban/BurtonUrban2014/tufted-cell-16-SDB20130701c2.CNG.swc,0.8028712037636735,-0.916126282604874,-0.8985077382869344,-0.4593572710560283,-0.162161689253629,2.983708807251299,-0.24492798421610462,0.7348785135031008,-0.22627057583935853,0.8078624855906419,0.4035714356650054,0.5428678420048784,-0.7240502464075235,-0.12738773322637695,-1.3166035657604058,0.7594633922818201,0.02328365917434274,-0.3259031311686163,-0.013186534213923146,-0.29087369550675213,-0.8794906283421918,-1.3043422077797382,-0.2312895520187988,-1.4114496606908966,0.22803419825107285,-0.9397284354424236,-0.4066630384613969,-0.16523208844783424,-1.059271655581312,-0.9720964539710352,-0.7522961365969797,-0.7768602517182889,0.7488713149165723,-1.1231302918565806,0.9385607208868721,-1.2234161280118943,-0.7294759602278025
morphology-data/TCs/urban/BurtonUrban2014/tufted-cell-20-SDB130823c1.CNG.swc,-0.10364950350865172,-0.2800476681566288,-0.542337959507832,-0.29959666363261783,0.49826207259313837,1.2259512990832495,0.6015635664850042,0.20419837766971852,-0.4054269516779282,0.8784857668163792,0.5621354402620176,0.8789436982294158,0.22625559678744345,-0.2788375211332373,1.049479634453321,-0.1764868727090513,-0.7642768526619503,-0.035195788144046315,0.33816651559721234,-0.0006903635345527788,-0.5781743696100562,1.094655936152882,-0.5208018727785554,-1.1280455092006212,-0.7643875929804326,-0.199436904113807,-0.2699958975982716,-0.4030215267152821,-0.5263991384454187,0.12231379713770732,-0.5443856298554233,-0.10487899082137224,-0.02448369912948125,0.09191037575847885,-0.23804865911684756,0.22468891389424678,0.5475556733948576
morphology-data/TCs/urban/BurtonUrban2014/tufted-cell-26-SDB130912c1.CNG.swc,1.7093919110359985,-0.916126282604874,-0.542337959507832,-0.13805610012783923,0.6166780254124112,0.6526748098674866,0.7332423115604089,0.37419726104461754,-0.08296218607361272,1.4859424056025652,0.9790175394511856,0.6074813866595915,-0.7240502464075235,-0.33050379825391857,-1.3166035657604058,0.026370704948537663,0.6540879789233817,-0.15430800079910742,0.022331957818159307,0.7610408828924705,0.21278080956179984,-0.332419046880486,-1.0378419347883951,-1.3720255322346533,-0.4070658424629391,0.6905643434024553,0.8692193421142643,1.1491532855583158,-0.8502282912180263,-0.876627306495089,0.07934589036924605,-0.40336305606856293,0.3136257199570093,-0.5945579063661935,-0.2917530037977267,-1.3291602688070394,-0.5824374587508323
morphology-data/TCs/urban/BurtonUrban2014/SDB131008c2.CNG.swc,-0.5569098571448143,-0.5980869753807514,-0.7204228488973833,3.9981187537757994,-1.5617485308943926,1.7690553414981827,0.6175207373469686,0.05099185601984768,-0.4540278340392624,1.526757277171329,0.12393474702967229,0.17753214446441984,0.22625559678744345,-0.2207911716740487,-1.3166035657604058,-0.39992504843056514,0.31164064757328996,1.070461990593827,0.12078155399007183,0.7973137993889954,0.21278080956179984,-0.6039934372477189,1.4884941317374945,-0.9540951880296529,0.1578390630593537,0.6906479590947046,1.6958384563125202,3.2317649537057083,0.6369568663094624,1.157999670308156,0.4951669038523589,-0.6771098367216424,0.19518462257224947,-0.5923051763234205,-0.8676958928583322,0.8539440579096085,1.0390329887292074
morphology-data/TCs/urban/BurtonUrban2014/tufted-cell-28-SDB130912c3.CNG.swc,0.8028712037636735,-0.916126282604874,-0.8985077382869344,-0.17734500195821268,-0.7030218270244941,0.835940551879568,0.8299692909676504,-0.3494912713203581,-1.0486544462549934,0.46044942790715715,-0.1776554154087451,-0.7955912266714756,-0.7240502464075235,-0.13149067363699243,-1.3166035657604058,-0.02163749336420943,0.43771412305142066,0.6658273917525197,-0.06801175842941838,0.1806742189480718,-0.3898517079024714,-0.11367504839647934,0.928837361215637,-0.9663719999612024,0.6808526854735835,0.3441654343369302,1.0753174506398984,1.7536843695591877,0.33780235301134187,0.47621911904901887,0.2872563971108025,-1.027165429120577,1.3786829779208185,0.021188305324791944,-0.575928131944295,0.11526921735134668,1.1653871750137021
